Steven;Graham;60;005mfV3CwK7zTgfrA2budT;
Melissa;Scott;46;018CbyqP6b6;
Cheryl;Hoover;23;09rvL3oKH6M4J0283dXgxNAwAIr;
Charles;Koch;22;0CnQhMcMrdpy;
Anthony;Kelly;50;0Gs9gfmjL8BIwsxQdu;
Heather;Ford;58;0b5mtnUXbf2x;
Allison;Woods;21;0oKpfU1rFXTcel9pie;
David;Green;44;0qCTqTiDfWRR4wdUN5u;
Laura;Miller;31;0wdTIqLOvfcIYy9M9ldLzXu;
Craig;Tucker;22;11ZOiOEh2jp0BEniKqlNb;
Sandra;Hernandez;24;1IcCUJmQeCHQ9;
Damon;Haynes;30;1Jtw0m8HS8oJyXY4HSYa;
Tony;King;60;1Mt8t7rdA4JrC1FFTZhPQhMPn;
Amy;Lee;48;1iEl0gyYahfjx8jYKoZad;
Kim;Young;33;1o78oSlFq738ATTcr;
Ralph;Rodriguez;45;1xmFh9lRFZzrdfROPCZRn;
Elizabeth;Wood;36;20F55VQdAdNDMYfuE7hSJRKi;
Robert;Moore;26;22JyfgWFkshigugYsWyyv;
Kim;Robinson;25;22vfnfAsdE84jGa;
Karla;Downs;28;2B3gVPpXuTImu7vIdtiaotK5nLM;
Dustin;Zamora;39;2P2jvi0eak5sn5YM2bqQF;
Shaun;Anderson;59;2P7YqiwwLMC;
Elizabeth;Morgan;24;2PQHDasG1WozvxsgWYCFVZZpaiIH;
Monica;Oliver;32;2QvEIdeRnJqUAGZTHuX5B0sVJ3;
Catherine;Rodriguez;54;2Rn7DqY9KqPhIQcRY;
Christian;Moyer;37;2TvegKmHsf;
Ashlee;Scott;41;2TwAYfOhF6HFnV4;
Derek;Stevens;60;2d4ENytfxbrrihYohdscB1TTG;
Nicole;Powell;60;2fZ6aHAbWyM;
Shannon;Russell;59;2kxRdHT5nvlfIXiRl7kcu;
Brendan;Allison;54;32lAGSxjhMgV0IILZubdI4;
Matthew;Mcdaniel;39;3Ckh2b2UJeMY;
Jeffery;Benson;60;3CpVjew9CLzMG;
Michael;Parks;29;3GJHYNa6Mht0Hlb1L5;
Tonya;Mack;38;3HXQvWuznDMwAesrF70tbvo;
Jared;Evans;32;3JlvaHcydSCubH5;
Patricia;Luna;35;3KYs2hNETYnoUFhb45jUfizv9;
Lisa;Campbell;31;3SlLqAtPqZzo8tvlukWIbT5c46Q6H4;
Jeremy;Barry;22;3VbDkva2snYz;
Danielle;Adams;40;3WDjaI4hsgLllfJ4rV;
Barbara;Bryant;42;3eUoRPswcivbs1kh;
Jennifer;Johns;59;3ivGjN1qr31Dlv9OawVYkwRg7312R;
Carol;Johnson;22;3nk7vCs5rNkeCK9ac;
Daniel;Foster;46;3tCN1PGkaqx;
Anthony;Cowan;46;3wjmNsIwYhiCc9lE29LcwPTHDBU;
Matthew;Morgan;38;3ydHH4gyHBg5;
Emily;Sullivan;34;41Qpy3rz772Cr492aT9xKt0D;
Laura;Smith;38;43M02Wj26sdicUxrI;
Lisa;Webb;43;44zVUQlOikidKO;
Gene;Jacobs;53;45t6egnZGt4Kc;
Erika;Chase;57;4E7hZ2MPPHWmbG784Yc;
Raven;Thomas;30;4HLKxB3YjtJT;
Michelle;Dixon;42;4HP5lPsBEPgbnNO;
Fred;Scott;28;4I8TvBr68BMykIN2edJktZs;
Anthony;Allison;53;4LiplYJgdH6Dtyg7Pn6hGyGP;
Andrea;Lam;57;4MEOxx9Fxs0O5htM9i;
Michael;Burke;22;4Q9H8DsiNkJhHi;
Daniel;Garcia;20;4SRvWacflr3QW8zSkGQml9;
Paul;Smith;60;4UUZfr2e8P3OjzzxM8PaQJo;
Mike;Edwards;55;4a95BmMO73F06QFnr;
Sarah;Woodard;54;4fw9JLcuph58G9x2;
Michael;Scott;23;4y72PdMRe72LZInJzEPwt;
Robert;Chung;37;53V0Oe29Ts9dniqeV0eiwIjqlJByM;
Courtney;Santos;50;5DaxnATtqK68mgyD;
Lucas;Mills;52;5HnTSCJk3i03kUDcpZ0fCLq1wX;
Jacob;Green;37;5K7WYS4nIl;
Kimberly;Reid;38;5NwTUKQ7CvJQJO2gFysvDK9Pbr;
Larry;Park;56;5SDXYAqfBuKuhHpU;
Kyle;Rose;22;5TvKaEsOpVtQ5w6t6VSm3ckTUGAOTY;
Cynthia;Daniels;43;5WRxSzhOA5Ky6FjTJ7OTm3RZs16l;
Maxwell;Bates;47;5ZR83fO9odI78E5YudslFnJ2y;
Christopher;Leonard;21;5eRbmRoXuoflestTobfjvRM;
Eric;Brooks;26;5j6tnPmsDV;
Kristi;Hudson;50;5oucCh2KjLigj7kuXF;
Jason;Bates;38;5w2YI3GNUYP6Bhh7NAhE5y;
Deborah;Barr;58;619oxiFxtXlrbYHmcsAk;
Ryan;Cantrell;48;622rqQLltxKcWXRLUJa6kapnaq42A;
Stacy;Brandt;56;67UJ4wuWcs1EleI4z7idToSr7702;
Michael;Mendez;45;68CmJiqsAhnZw;
Teresa;Lee;52;69nt3cXNgKDPlFXPjA7NIWJ5y;
Gloria;Mitchell;42;6GskWaQdNhQeJQQ7296r;
Sergio;Brown;25;6MDtOEYGx41PmaMql2BVS;
Brad;Valenzuela;54;6UiZZ9awpc;
Shelley;Sullivan;47;6YtZx6l4Rt3Clh6;
Shawn;Martin;30;6gqNBgxjpOgL88pcymc9y2Htjk9azZ;
Elizabeth;Harrington;58;6nelEOOHN5IsWddcAJ8wGOBk9T3t;
Dwayne;Holmes;35;6pdXwwvJ0pQ9fq232rwO7xB43;
Kyle;Nguyen;37;6vOQEIKaRqoIG0K4vQmtkkd2vYs;
Edward;Elliott;59;70nWLHEvESWKCCllEsnqTU76r;
Allison;Webb;47;78j4vDMPYktvipFFd4tWyEfRtw2O95;
Kenneth;Sanders;40;7EZ4kY1Or509t5HcUxyVv;
Andrea;Pacheco;51;7GOJIVTuLugW;
Richard;Santos;52;7NPNCUMbosjAo45JBq9;
Joanna;Aguilar;44;7PoVkpXgyrv41x;
Jennifer;Cooper;44;7ZrhRaSg5W3D0d;
George;Rivas;51;7avX9QKKnHVRPg2IgvSQe8;
Christopher;Huff;34;7biicfEWgxMj9yuWJ;
Edward;Wilkins;48;7gIva5jElX4vL;
Wendy;Brewer;25;7nJlXSCLwAbU5QMQ;
Tyler;Lynch;31;7zfC9jM5W1nfZo;
David;Branch;57;82qrlhNJGKsYeYaM28KwFH;
Sherry;Butler;59;83lyiRyC7Plr;
Kenneth;Flores;45;87wdvzvhwWR;
David;Sims;55;89jn0BGdiQ6dMwbg;
Katherine;Noble;49;8E51ATMIBBDBsccrtZObJFW0DDcfkA;
Brenda;Johnson;31;8Gqt5yHofszzGwZQiFZH8Vug2OW3;
Ashlee;Jackson;60;8HPZ2Zv8tx0ojvBur6QRG;
Scott;Wilson;48;8LQStaazjDoPT0te;
Amber;Neal;22;8Puz6blG9eZwywYNYvr;
William;Burns;25;8REFR5ozHUokCyqVlJWpHM;
Lisa;Alvarez;39;8SH4AIO7S9rM2xrjea1BVi;
Richard;Barry;36;8UkFiJKSDZIAxynNX8wW4jkgdTy;
Brian;Burns;55;8WEyWsgM11mNbsIIB1B;
Jessica;Mitchell;20;8ZLQOddJCArAMpbu;
Devin;Miranda;37;8cHH3o7YbynKytuL88z9OfVD5l03uS;
Melissa;Davis;24;8swoKsh5fHoHQFHwRe49UQ;
William;Williams;47;8sx8IBv0GvOyGQevedRTZxK59LX;
Dustin;Williams;41;8xBjm8QQlaOaCVb;
Joseph;Barrett;50;8y7WPU4Aje1g3xm;
Kevin;Williams;24;95wnE7DEWbYVy7YgITPjfNd4;
Tasha;Jackson;27;97xgyb6P6spi;
David;Murphy;52;9CjqEj5LJN00Lthw7piWPSLGUcv1;
Ronald;Chavez;45;9Niu5wfXMSAC;
Nichole;Rodriguez;43;9VZFF4Sq6G5pUy;
Terri;Hale;38;9abQqkmNETXpgoIK;
David;Williams;47;9pROhJnlnS;
Alejandra;Smith;23;9yTQ3cBnXMJNwBuWQDi438RbJX6;
Anthony;Craig;39;A0uSTN0NOri5DzHTVAxQly5L1rVro;
Barbara;Small;52;A5Ss4wrB8dGasg4I0ElKaoGxF;
David;Pittman;33;ADNhkPGcTxHO;
Danielle;Adams;52;ADOc83WPU14SWcgqP6C;
Renee;Whitaker;59;AFO9AwLgRvQIfV;
Stephanie;Jackson;41;ALMdboBGOEtYxeyEB6kD0hWKHJ9fX;
Rebecca;Wagner;41;ASsyM9c2W2uMvdGFTo1VQpzby;
Kirsten;Bridges;58;AVZszDphmj38nTPdiiPkqNgP;
Seth;Moore;29;Acf2GOwrzKGAjkC5xtFEFV;
Shannon;Lee;51;AfzB4VbFHUTMuxo6Dwint4YrKXuqt;
Anthony;Gill;21;AgVbJjjp3om1jyjAwfehGqZ8r;
Seth;Schultz;24;AgWkIyy1DTgVv;
Kara;Oliver;56;AjUHlULR4BJHRxMXYaP;
Michael;Hernandez;55;AmxBJE2RvqJ7o3pyB2gdHmv;
Travis;House;27;Ao8LHWGgE5cd;
Benjamin;Phillips;33;AqSLcfyPQBz2NH52hdHIbBjfiKnN;
Nathaniel;Schwartz;54;AsB3FSFewTUPFGfGCPAuYfu;
Samantha;Foster;59;AuGCLjk7LoCdkZkHn1gkAwF7G0C;
Travis;Cunningham;41;AyiKbWjzdgw11mIKA2zKBdpdEmkK;
Brenda;Hurst;46;B0y73d061c3m5CTV;
Willie;Morales;29;B4gzdUmYxyO1gm7q4VzW7hK;
Katherine;Deleon;50;B8BFvd033ptrN1UBA;
James;Webb;20;BCXccr3tlfA6psceJEcd615LmP;
Adrienne;Buckley;22;BCpc88SZroMvBGZkWEk;
Gary;Wilson;29;BDHDIdjJzhRjNOGcdSjIz5XPj6bLU;
Leonard;Villa;50;BFjgTM9vIgpUgPXK;
Michelle;Patrick;49;BH25Od5b2FRrehgXnCoO3wp0jCFiF;
Katherine;Pena;36;BJRn8nlOj5m3SGJhGRf8gHJ;
Ronald;Mitchell;26;BMK968UcfmlpjPOWRFsL461DcCg;
Charles;Shannon;25;BQ4VDnF1BawXYxm5ansmpHqn;
Brittney;Martin;41;BYb4jwChYqjpy;
Shannon;Calderon;20;BdPLKxIO2M7ziJ;
Ruth;Wolfe;43;BdS097MrPFW3r;
Leah;Hernandez;44;BygK31kNRCM7fQcmDPQeeU;
Lindsay;Good;51;Byss6WYXzPKkFiKHT5UxVTO11;
Michael;Anderson;21;BzgL1BivH91AT85egOq1CWOUHuFW0;
Jacob;Anderson;29;C3TlI0lAvbeQP71XuUvn8Kh1xBSHif;
Kyle;Bell;29;C5UlqFpzijWVqb7A8yX;
Harold;Tyler;20;C5rvZ0LIbLIc;
Chris;Larsen;39;C5xnRvL8eN7PQKGqbkG5Ej;
Joshua;Collier;21;CI1ErTVjNDfqXhnKMTk7EtgKheLL;
Karen;Padilla;21;CIC7TceBM4wZZ5ZA2f1tv1Cc;
Johnny;Pena;29;CLD3t2TRkZ9s1bTATNWh;
Carrie;Smith;20;CO57FH1yqKf8Qt;
Richard;Barajas;47;CQHGrVqWSMN6W0SuS6WKyU6Xjjq;
Sarah;Anderson;24;CVeHotn1LqVjq6SZBKyKhqPGQ;
Connor;Perez;37;CctXXis5nEolvT3r41DcIHlkFqz;
David;Harmon;24;CnFnOvc5Siv;
Richard;White;33;CoI0yQ1exrhx8Q0CXEUcMpx9RVV;
Michelle;Johnston;45;Cop3eTmrVMFOafZ;
Brittany;Potter;56;Cs0WdSc9G4Qyp;
Scott;Davis;47;CxLzBOmN96OpM3qUmp;
Diana;Brown;21;D0olSusvcwHfxZzHuGMdL;
Phillip;Goodwin;39;DG58pnYLR6BIQrDxaQl1Hb;
Kyle;Wilson;55;DHXAvYio9RumvRhwjMeQmqg6;
Deborah;Sawyer;30;DNVAIROWaeYzBZG0;
Robert;Rivera;50;DOraOG4E5HGic0sFEAnq;
Margaret;Smith;35;DQ7xy8bLcTNtBA8yQu9EgoPs309Qi3;
Kirsten;Montoya;33;DWEjVtRKoF4fq8Er73Sn6tB0O5;
Louis;Nelson;46;DXFp8zaruTwJqo2cF4BKWyKsw1okv;
Nicole;Patrick;53;DXnnfawgiYf5QWS1wh0V7NZ2U9a;
Megan;Mitchell;29;DagRoDcV8KGt3cOPtRPOYUX;
Melissa;Butler;45;DfFXStUS62bmo7Lr5J;
Jeff;Reynolds;40;DfSEEMaSCEwv09wc;
Matthew;Payne;60;DgS1TdC63ACZ;
Dylan;Foster;54;DhrUSvI44GNCdi1XIv;
Jessica;Oneal;54;Dp349VcH5eHD14EWRLl;
Lisa;Lynch;22;DtZ9hDDwhN4YpEDFaTkPtrS99;
Kellie;Cunningham;53;E1SuMSi4Fs92YgF;
Roger;Meyers;23;E1y5gyJS0SYs1X;
Scott;Jordan;27;E27zFSmwOYspVlblPqHy;
Danielle;Allen;47;EA2Av4SEPMdOBJRiJ193U;
Robert;Manning;40;EAI946n2molfAVDD4JQks;
Lindsay;Matthews;56;EKHAS3vDbG7jo2E8;
Natasha;Lara;54;EKQGU3CraSDI8jKWeleI6MKnfHGgBs;
Sarah;Burke;57;EKhe4XpLag0Ebg;
Jennifer;Davis;56;EQfRaGUSm35wShZkUBF;
Melinda;Harrison;41;ES7khqNJ7dyqzGQwS8;
Nicholas;Harris;46;ETkzonmZT6MLsEV7rF0RuvvOkXz;
Samantha;Ayala;28;EVHH0bhDD1ugTeYB1;
Virginia;Santana;49;EWQylFvQiLIWCkifyhVXCXcZqu5ssP;
Ronald;Schmitt;22;EaQ7jiBGS410c1k;
Sarah;Thomas;58;EeImPFfNvOpUdPs1Zb;
Ricky;Giles;25;Ef9333cPiL;
Marisa;Shaw;45;EmzCapYQKf9tBt1GXSDkRrTd7B;
Seth;Riddle;44;Epr3x9jZiurPbIO5wxS;
Michael;Vaughn;25;Ewu0EryolSlcKavFE2ewJ9O19;
Melissa;Smith;39;EzVP6Hjaqj;
Pamela;Barnes;43;F05558U1bZehVBic;
Lindsey;Gibson;32;F4T5mmHX1if8FsD55uPWSKx6kn;
Chad;Keller;23;F8rpifvACJvs8uK1yKi7gZtJ;
Cheryl;Bauer;21;FEnELxn2HiuUbWuHfV;
Laura;Lopez;31;FFJ3vNkPqfH22KUeOQaQk4S5;
Peter;Conway;53;FFe3g9mhQujv68d;
Stephen;Vazquez;28;FQMauEtGyJALAQw;
Emma;Waters;44;FV4W9En75ySGJus2ON5H7j;
Laurie;Williams;58;FVHlMT4NmdUnt9vh6c0wP;
William;Grimes;43;FVN9l8aeqBnO4D5Q;
April;Hoffman;49;FcCy1fw44FJ;
Jose;Clark;54;FgDrMezQR4MYRzw7EU6jzVbf;
Lee;Mcintosh;37;FkxJbbg1LnEdQJEi;
Barbara;Fowler;32;Fnbdp9akFFM3hbPTn0MST;
Victor;Rowe;42;FqU7qh8tNSg7M;
Cathy;Reeves;38;Fs1Mef6l4oKOUyGMBgNluUG;
Kyle;Hansen;58;Ftb9w76uXtMvuzWmEeNZl;
Ann;Miller;50;FuGRtGcrNi5;
Lisa;Brewer;52;G4SuTR70KWzSK3iBGKRD3pgEr1;
Jane;Brown;42;G63aNpbTRbxgya0Jp;
Kevin;Dodson;24;G7ssez1zWYowoxRyOqo;
Jacqueline;Schwartz;21;G8ymyUMBUWJxLCmc;
Brandon;Burton;25;G9pCqacNZnKJ8SnshV;
Jonathan;Ruiz;43;GAEH4DALg38iCsOu;
John;Lucas;42;GALXvM3lsgrrsSjFPRdR8etB;
Debra;Grimes;30;GEr9ot0CNuzU;
Sharon;Meyer;29;GHHTCO7Yc6d;
Tammy;Potter;55;GN2F59nT8dUiUVieFUy7P;
Joseph;Sheppard;57;GNerTLpDBjGC6gNcBap0fZN0XH;
Patrick;Skinner;52;GPdDScsHCaqQkkHZlx3LSQTTPo;
Gregory;Bowman;38;GcTsNAFDGxbDSkIuy;
Larry;Mckinney;25;GctK2XG3L6yNPmPzgyYbdbF;
Todd;Hatfield;43;GfOZPHzGKM9eV4SOhye0FIvMQ;
Laura;Howell;40;GfkvXO3ivUoA6Yvqsd0DvKPvzOzFJu;
Juan;Le;60;GuTBWv3Fhp7NY1xc5t;
William;Williams;53;GwwJFnTEtr7r1tiufC;
Francisco;Massey;33;Gxin5XIo0WIIlbyPC2;
Carolyn;Lucero;21;H3SzLGBmaRU6;
Elizabeth;Smith;54;HK2HS5rmhvJKBBF4GOqs8HgdC;
Tiffany;Miller;46;HRc8rejte2Gz0MerhXsiPg2o;
Robert;Velazquez;29;HaowMLdpHvcZMYvqMm;
Carla;Walker;31;Hawr4JL3gXrpmP18xOVWW6oNA9sZrY;
Ashley;Lee;39;HdwhQZJ5aBxuQ0Et9tiYqEU1Zys;
Jessica;Christensen;52;HecDngJ3Essi1A3C55uml55p0vCcf;
Bradley;Scott;35;HfhVU7LV4ZbZg6mSO1T8y;
Christopher;Burnett;44;Hi3LfGaykCQtysV6Cbup20yRJNUjj;
Dawn;Kramer;30;Hj15keGJoo1lDh;
Susan;Evans;21;HkQLCMJeoHNQx62AipNffc7tcVC9l;
Deanna;Thompson;51;Hksk1wNXsk4VUtV8aF0txZghV;
Olivia;Adams;21;HqDQv5wET6R9QVf4Wj;
Thomas;Bernard;28;HrybxgT8nPiYM4;
Gary;Wilson;28;HvWuMkErofoAzuD91U867jvS7H4glL;
Sarah;Hammond;54;HwTAkDALEbw3yvyFxl8OM;
Ashley;Hughes;57;HyAwSB4TSodyosA1BV;
Wendy;Duke;57;I04lsu80pgGy9WhLyMWVTIS8U7EV;
Kaylee;Acevedo;31;I205wY1rLXMx7AVWPaeGTN;
Erika;Valdez;60;IB3onKPyzesFgCWtfCOicYC8;
Jason;Reed;46;IFV36pmbBuNdypvDnWQjkpkHSTaV;
Barbara;Reese;54;INOSJXB53iXssphlb8dUeQzF;
Judith;Lee;53;IVCXhqBp0d8MbM;
Robert;Floyd;26;IWdYvQPExckJGbYhYW4yNIsE0cKzj;
Renee;Hernandez;55;IjudhEDPBSL83kcttxUKWFFCD9R5;
Joseph;Robbins;22;Ik6afITRvMiB6Slf05adrS6AljCy;
Vanessa;Lynch;52;IwuPS9BgWSFoRV4834W1FZ;
Patricia;Page;49;J0xufDA8e3rrObztbl;
Marilyn;Sandoval;32;J1EWmZLl0nypCX;
Michael;Morales;47;J2yuVMpt5B7wqSD99Kxb2O8jmj;
Joseph;Harris;51;J5cXFD5CWhTonxajoozij;
Erika;Cox;37;J6AlLr5ghhXZuDj67lBst;
Angela;Miller;52;J79Sk021BI9wo;
Thomas;Stafford;34;J7RKwTbRQChJq7DHfhH;
Derek;Morris;41;J7eTXOy7aMIszC8U3K8I5POpTX;
Andrea;Mckinney;50;J84HugwW8wtoNkmXIvbkCB;
Brenda;Fox;20;JKCg6JAMu2by8S;
Glen;King;23;JKZ5lMwmBnkw;
Erin;Morales;39;JM8D8OfWW5aDU3zmkhm846b9GG;
Benjamin;Johnson;54;JSIUNkyRyzL5EOPATWLkmt5I;
Elizabeth;Fernandez;57;JWMBYf2ODoAWmxPhcuU;
Derek;Harris;48;JXBIpcBLIY9rexPMpLAu9Had9WBkXR;
Gary;Schneider;33;JZjq8clvTWUvqBfSl;
Margaret;Pratt;60;JeiGTkLpMVxo2US9J10qpJZrSVIXn;
Sylvia;Myers;21;JjV5Uk8LjyVkzJ7;
Lisa;Goodwin;43;Js2wAT7uEyqYlVj438cauE3Ddjs8;
Veronica;Prince;49;JvPlrmWrzoMFVphaK1mr70XC;
Jamie;Steele;57;K1m08eiUH5ga;
Henry;Bryant;58;KAzxcK5OlGsUFzz;
Roger;Cook;24;KGH6U83B4FVGntKtrE;
Bryan;Alexander;24;KGmsxmUmNjwgaRDQSa1DJ7Hs3;
Michael;Nguyen;35;KKKaCp7IwHV;
Brian;Copeland;57;KQhrR3DqJ3xLK92ETaq2GOIlwYBO;
Shawna;Kelly;60;KTIqXyT2j6lNk5ziBjR;
Kristin;Williams;59;KUdk5JtVSPxDgSs7;
Keith;Torres;20;KbKV2dX6EvQ81KO;
Gloria;Ingram;25;Kca2Q377bSA8DzTPDvhyLybUX;
Rebecca;Wolf;35;KgblEgwoO14C0;
Donald;Alvarez;34;KsltJU2olI0MPoEoJ;
Jeffrey;Roberts;25;L5NnD1gfuAfTnW54wltc9uHGjiE;
Alexander;Smith;35;L80ytaYSNQy;
Lisa;Haney;35;L99F8BbQRJds8dTTXp;
Timothy;Wood;27;LBK8fXgWgE1Yv2Dn3k4jeMgq;
Jessica;Landry;33;LCG2rLeMaY0epYdf9;
Jason;Fitzgerald;37;LFl7GY4jpYfJixxN;
Daniel;Curry;23;LKTvhdr6iUPpDIhhLai0tvf3Gtbx;
Joan;Russell;29;LN9vBPeJfRfDpMk;
Leslie;Jacobs;22;LOA7s1NmSRGGD;
Kenneth;Joyce;36;LOky7eLNeGOmSroxzHjN0D;
Stacy;White;32;LShyP4gjwr09T;
Mark;Clay;44;LSoUzz0CitZwuJKc8kQl4S;
Robert;Marsh;43;LW85U27QrZ8s7P;
Ashley;Walsh;47;LWAsa9Dmu4KCT3VUwI;
Nicholas;Hickman;53;LWL1pzvbSA7SIINzpMTuQ0X;
Lisa;Maxwell;46;Ldq3iR6Uh5pDxMGDj0UgobggW8;
Shannon;Valenzuela;35;Lj5pSDwb4U5tLudJprw9FHzOuaRZ;
Michael;Waters;23;LmAyO1L0hRjyMInqRm0T0eo;
Hannah;Park;48;Lu6oiM1wkv;
Judith;Roberts;56;M0izdXNJZBLXmosc;
Courtney;Bowers;57;M0vl8kXiLdsXxnseSZlslZj7;
Danny;Odom;56;M3o1VcOd5JjnjZaQuJ;
David;Jackson;22;MFE8nEW8qx4QVsn0O2tDBsjBJnoDOt;
Bryan;Walker;42;MKWCgkWS0Bmn8t8cYBh5qZqCpkTMCf;
Geoffrey;Sampson;23;MMFVEMRZpnjz8SMMxso9j;
Vincent;Davis;41;MRqSIdViTm3YqxhI4QIqWqvq;
Ann;Martin;46;MXGn4H5ljvVdHzUOpCOk8MFWd;
Emily;Gutierrez;45;MZH3J0QWnFK43;
Chad;Brewer;32;MbdVGi4VRkPUu9P3zZbMo;
David;Sparks;44;MdEXe9O6sRtaCeEnEtHSoLxn;
Kristin;Alvarez;20;MeTRsro9EKX;
Jeremy;Bullock;25;MkA2kZ5wkSH;
Ryan;Garner;22;Mo94gJkAbFVyOF2T682FqRWShZyp7;
John;Johnson;36;MqrKW7UvexYVych;
Carlos;Carney;56;MsDoPqnUNQIb7I;
Ernest;Adams;32;MtfRTBE6IWw4CZ3Hsu;
Sydney;Hill;51;Mx7JnvH9dV282Um3MgCpFto1o;
April;Ward;25;MzwuBlQsGtUPP;
Juan;Hanna;39;N0U4a4kFSBC;
Elizabeth;Brown;38;N1HtnizBo9MUWlEeiJL;
Christine;Cooley;29;N3V85do6FeQ0i2v7he;
Samantha;Baker;45;N7AhBs7uvXBuzrN0UBmlg6IKP73;
James;Lee;51;N7H4SyVTDHLYa;
Lisa;Dean;51;NAWQQPesvoAt0qjHVmawg3;
Sarah;Lynn;45;NEdd3FqBGn1n8X5njo;
Christopher;Collier;23;NGKmH7Mx9bwbjdTh0aC3tzgIM3Gri;
David;Hale;22;NPCpKk2U12fwvCUSw9V7KQcv2LQ;
Bobby;Young;55;NReKm3PmIlfMVO47TuZBA;
Chelsea;Baker;31;NVAKljpFZJaWahJHG5Vl5;
Allison;Flores;49;NVM4B26mlYwLk69KFPPWIL5S2oBuU;
Michael;Logan;49;NZSjVpjqjajmm65htzLQ1g9XnN1Z0u;
David;Johnson;32;NaMgXwvrU9ZrQfhz3o;
David;Blackwell;34;Ncf5XA8n6smMwdso46WcRUUiGXR;
William;Herman;40;NeNYJE6YVcNlHsxE;
Gregory;Clark;20;NhFWZGeS6aRdqHiqTQUtk3YrbQ;
Christopher;Wall;38;NhybJMMJxYe;
Michael;Guzman;46;Ni3Pp70BAGOKl7EDwX49q9N;
Tiffany;Foster;42;NpPJGstOZuNoIac;
Lauren;Graves;35;NtM8AWIjkgkJPUvZTO7RDU4;
Jason;Chavez;35;NuFuHCJ8Q3ZGaBUtIpc8UqDOKx6e;
Matthew;Walker;50;O1ZDwyNwymEVKgtlFWvxjAeg;
Carol;Carlson;53;OE07o54DepxLV;
Laurie;Higgins;28;OEHblxLqQK9uy6U0G;
Jonathan;Serrano;59;OHzi7WvuqhqKmT;
Jason;Thompson;44;OI2Wn1wjw6wveFAtLL7;
Benjamin;Jimenez;25;OJkcN1tXoTws2uusNl43eUUrQtIqA8;
Melanie;Mcdaniel;40;ORxvkGe0eMJ5AKXUFaQz9ui;
Holly;Mooney;29;OWyTysG5b0R6nptzZjdwsvdRMsS7h;
Brad;Smith;31;OaqQAt36pdbp0daiDhsIuYcINbvwld;
Kristin;Nichols;33;OeAgIfy3Sg9;
Katelyn;Murphy;33;OqCkI7AGWQIYaOFdPCXDydHd7XLypJ;
Joshua;Roberts;27;OuJPCxXCfFIJqK6NEXuHUk7ny;
Jason;Price;40;OumUwwqsVEgp1MMQpyKByUOTHDLlbB;
William;Morrow;45;OwGGGCj20ouyuqhsNYQD9AqGoC;
Amy;Rice;43;OyorVZaegwIDeKN3hoZDsHrN9;
Jennifer;Johnson;29;P0WVxzWHaf0VvJ3DIx;
Casey;Willis;20;P39MjAbga1sISvvqHWQU6KFKT;
Jacqueline;Mercer;36;P5DilX33qyO;
April;Deleon;29;P5vVGLHCPJ5aMk0JfxSj;
Kimberly;Horne;56;P5vl4cBB9wf;
John;Lane;36;P6Cnn0HAGWAnjRNjcs4iKsLu8Cod;
William;Barnes;20;PAh080W1ls;
Katherine;Reyes;32;PAyEjZgzVK;
Jonathan;Garcia;49;PPDTXaoIKS;
Benjamin;Cole;30;PVhHaIZTPyg;
Terrence;Pineda;60;PWSa8Hh9tkS8fujokxCmwe1yT;
Ashley;Arias;57;PWV8reCjKDnd1ngnB6qJGJxI4SN;
Renee;Shea;53;PXG3FDKvYx93N0Xe3ZP;
Tara;Jensen;55;PYLrJNAeXcO0uxCM5NAj7OS74g;
Paul;Warren;52;PdXSXNuwR0Qr;
Austin;Ford;40;PfmNm08hNzIZ6C;
Kyle;Hamilton;35;PsY0mlqrrFIfUFgcz7UnYGBCn;
Shawn;Ewing;59;PuknQZMCdu7Zch8RxZGwH9M;
Diana;Lane;28;Pv1ZQ71STsrbV8pNBIq4o;
Krista;Byrd;54;PvGUxIIevhF7joF5G4zGK3eZY;
Terri;Williams;50;PxPSZYFSuJlWBmNlNtcUnX7c7GmagF;
Gary;Flores;38;Q5e0kU7f0hbeYCKEBnHDGVe;
Fernando;Jackson;54;Q6VA2zTyWJaMsoAI;
Timothy;Kelley;25;Q87oCJerqri;
Francisco;Miller;43;QBocWEwa686vI3JYa;
James;Mathews;28;QEOTWo9fQ0XD;
Diane;Hunter;41;QFJIvGD7n0tzFBLVoiolgExNEIs;
Melinda;Johnson;26;QFKmaAKzqhUr1tKEcuENXDM;
Devon;Hampton;51;QFUQggkP1O;
Arthur;Anderson;24;QGOG4vZtaK2;
David;Brady;27;QK1PaQt2BUL9wz41J;
Clifford;Wilson;37;QNnEzGIzPnRQN;
Denise;Fields;38;QVqwTFoQmVYcVuSftBuX;
Brooke;May;22;Qil8zprIF9;
Sarah;Tyler;49;Qsy3u6QPZpLA1xl2;
Karl;Frost;20;QuWtXuh2mQ0p;
Christina;Whitaker;31;QvdPgHLrgFHw;
Justin;Cunningham;60;R1ymORgRNnhyWLdzpLvYIHv;
Beverly;Hudson;53;RDi39ylcIE;
Jessica;Wood;24;RFmk0ZIjjbbysiDlSb9hQV;
Keith;Hernandez;24;RUcC0tA2gnRcDh9y;
Robin;Todd;40;RWMa5matD9fmq1fDJ;
Chris;Spencer;45;RcfINwsJwl8y3LDF6eSBNMVhYeig;
Mark;Garcia;54;RcxGNDXG2baAQvr6TyCTYQLIEv;
Louis;Taylor;60;RgSrWE8tS0zqIM2gTAUAgeDz1;
Susan;Parker;50;RqjLAwNgLiDZ9En3CWTIIhg0;
Michael;Taylor;20;RtUwnZVDLEHIreCJDYoZK5;
Nichole;Martinez;28;RwDs6KZ3JkjPHqNgj12bOwi8v;
Scott;Barnes;34;RzlI6Hzbj4r;
Carrie;Smith;34;S5Ut2U38evHNwAUd0L;
Patricia;Mejia;38;SALOMpgIunUztCMlv;
Mathew;Bonilla;42;SEhZoxOo8QKk6ojch;
Kevin;Chase;26;SHEwo7X3ICTw;
Julie;Cox;39;SLXkfUzOWWYE5eKuD5bzrccO5q4ooR;
David;Frey;53;SORdQUexF4Gb;
Kevin;Carr;25;SZAvkUdKKek0BmGbI0jp;
Patrick;Savage;38;Sg2CE6H1IU;
James;White;46;Si9IBSeCKujXUwnLr;
Robert;Franco;35;Sje40mJVCdW47oU7Pxh;
Sharon;Webb;49;SqtTc4DOYAfFkHpDDc5xcKNb;
Michael;Branch;47;SuS3YaEm36akSBbboutM5IF;
Allison;Stevens;45;SuTuMz9riz;
Megan;Taylor;45;Swfnl9LQHnF;
Leslie;Fitzgerald;45;SyGsfBWvzMoLvyMmm9YTUgGG;
Lori;Castro;26;TCCaNXhdX9d4vtk3Bb;
Jennifer;Molina;58;TCteZsVhYiTOfK7QYhIr1xSXtY1Sk4;
Donna;Freeman;22;TDXR1c5GP5g7FBk2jKh6rI;
Sarah;Castillo;28;TDv7tyYSh6ENy8aE5;
Douglas;Wilkinson;43;TKV1JTNH6Tp0BOoM5pTK;
Todd;Wright;53;TN914lbA8WadSSa6lm8J2LSF;
Walter;Blake;52;TOeQjr7pJsm28euG09myPHd7wUnhbA;
Timothy;Rodriguez;30;Thjixn4hVT0GfZq40FTm7rMAso18RS;
Kelsey;Steele;48;TifFIi9wnx81KiiiJq;
Abigail;Savage;57;Tj8Mgu6bPBMEHbbJIOTCkGCgjv;
Tyler;Underwood;47;Tk5vIVh6peuqUQF1LuE;
Amanda;Young;36;TkT3XSHyye8x;
Laura;Austin;53;TlOqj8iLMCuxyoq2PdToYyasrI;
Justin;Glover;56;Tuvq8BeihICGkZVeh0Y;
Rebecca;Craig;27;TvKNz5A9G2OCXoWbcu9Nuq;
Jennifer;Castaneda;43;U8i5SQ5k9gceRPXEODVCwGmJ;
Noah;Porter;38;UBMMBCd7QAJ4XUp801aIfPx;
Nicholas;Fernandez;35;UHnvNUxdgBW;
Richard;King;54;UK8eS04UM3yC3plyPv7a;
Sarah;Zimmerman;51;UOuRVthxcM0KbP51K;
Brian;Nguyen;39;UVSeO5eWvDVnrT;
Wendy;Jones;50;UZkdePXeSkJA5BTkdXeX1rQwT;
Kelsey;Roberts;21;UbrHLiP36VQF6;
Paul;Green;53;UjJxEZGzWwpWHTPiwHFV5Xzim;
Wendy;Davies;60;UnMObWVWrMDjvalUtRSj;
Kyle;Escobar;48;Ur9UoTLoFQV3YT0lzBHdz5f;
Amber;Meadows;43;UwgGSQIqrhY463QvOssMs;
Kelly;Roberts;58;V24qN3LBR9m5v1TyC3I7Vck3XX;
Paul;Hamilton;51;V2GHykwtMFnv;
Ian;Schneider;58;V7yAtOB1SEoUcEJNR5;
Brandy;Dixon;21;VAERiArGN2rJdYs1cGm8dJo7kujP;
Jean;Joseph;59;VAPFje9uMIU561gVWVmozf4cqXjV;
Michelle;Mendoza;28;VBWi6O371o;
Diana;Barber;30;VBj6txavKV2FbYXy;
Crystal;Henderson;48;VEP0ve9nsgLJfLOIGcmv83edva2n2t;
Nancy;Watson;52;VG2XNHDDUT2;
Courtney;Jones;43;VJlwN1sFknHk3XSktpM;
David;Kelley;25;VKmMPZXMtMC8V8D14i2vK;
Melissa;Huang;54;VYN0EQLS3MdPESLD2CZjF5PZVX81i;
Samantha;Clark;51;VYol6PoutW8gIaYzRz1ZWjZz;
Michael;Holloway;48;VdEfSR37dg6l;
Jenna;Wright;36;VhMx9L27YuDxdDwQ6;
Jonathan;Berry;42;VigJlhdwiis0pydnQmrj0WTlszP4T;
Michael;Flores;28;Vj386VPNvt8owI6ACR9lusDvDFGYG;
Jared;Walsh;42;VmHjFLNrDCHTFqz;
Douglas;Graham;56;VmoBzWzQO1yVX9;
Brandon;Johnson;20;VtJz3Tg2dxY92arZ;
Christy;Harper;47;VywbSWUSgCPwOWVuIKDRphZeNZYyYB;
Nathan;Hardin;22;W46wTF6RtbLlNOIOglat7f7u1Ppv;
Nicholas;Beard;20;W7Qz0z8mWg;
Kevin;Ho;58;W9dKeGOEHUHGz6RDqXnR5mI6N;
Henry;Reilly;29;WC7q45hSLiV8AO98jpSczn;
Kyle;Torres;53;WE3092KlbX3UlqR;
Heather;Williams;21;WF49hwN4mAhVd9B;
Erika;Thompson;47;WIDg6qozknbCBNROSAtQlm9;
Joshua;Myers;55;WJlxshvMSgtI9gZf7ZResRFcsy81o;
Daniel;Hall;55;WKXHtazRJ7ca9q4;
Chad;Williams;41;WM1bs7uMBbNroeb0zZHD;
Joshua;Smith;39;WPRtbjGiaDApnkG;
Michael;Wyatt;38;WPnTvtA6hh;
Jesus;Greene;29;WR5a3hRgQdoKy0UlTyh29UJdv;
Lisa;Bender;41;WW2MiX7BLOTFr0rzsc9ojae01CsZ;
Stephen;Sloan;26;WoHZmfFkNw7tumW;
Matthew;Perkins;54;WouZriiJg921PoXcc7QQ3CMi;
Christian;Suarez;53;WsxrSyyEe0XH4FSY5j5SOonitCpX33;
Ashley;Freeman;41;WyMAB47u6cNYe;
John;West;34;Wyp6MrBCuCDmoyqmEiCmld3SVar;
David;Allen;49;X0epVkpMNlXoDGSkitPID5rOQ4EU9k;
Michael;May;36;X58cE3pJE7G;
Cheryl;Powell;28;X5D9CeLZ7VyDayDY;
Wanda;Green;36;X5v9KXCe2J0jGIAitwYQYm;
Michael;Randolph;23;X7vZRhLyajDsm;
Emily;Tanner;52;XEpY233bjehN2kcWAie;
Belinda;Anderson;45;XHxGJndbkxUFkNzELsEFu;
John;Martin;57;XJEpvwbGZMakMum;
Kelly;Mitchell;47;XLodPkmTdpO1t0;
Sara;White;46;XPlDiFF1EIFHezcJ60VM;
Timothy;Nash;32;XRguBTvWQDoP;
Teresa;Morgan;30;XUITKf5TDE;
Cory;Jefferson;29;XVhexrNvCGMgLLre;
Ryan;Johnson;45;XY42GrLLcOOob8JKuc2SVOc;
Matthew;Sims;31;Xg0dNC8Xbap8ZQ;
Vanessa;Nelson;21;Xn8jLvfg3v;
Robert;Larson;45;XqIpzJmYtQ7QWZkp;
Christopher;Brown;52;XrR7sqFZlg7wN;
William;Lucas;41;YModlzAUZU6XMmXH2k14UP;
Robert;Silva;32;YOe5AiYY5z1CnX3HK21nXW;
Elizabeth;Pitts;25;YP4imVvqXOfbJKNCRtTaU4WE2z;
Brian;Reynolds;38;YQIJYltYZD4yrRmaC1ok2f;
Julia;White;34;YQwdmQHrlXS;
Christopher;Pennington;54;YULq6TnZxcNQYmbVawx;
Charles;Boone;48;YZVOX6dLtNR9yH;
Alexis;Garcia;49;Yc4RWSiMNi8SVVrKN;
Michelle;Marquez;31;YdOFDzfIlZSq;
Patrick;Gonzalez;59;Z1PXdE12gX;
Joseph;Warren;42;Z2og28OHmVzZpiokVmon;
James;Hernandez;37;ZCK1F8BabIMt7Q;
Marc;Hickman;34;ZCz2gVNA1hDIy7pVviFzhjWPmn;
Isaac;Long;27;ZF0liRCRPUsc6a2hARS;
Timothy;Gonzalez;25;ZJaRCxjVKJ;
James;Carr;47;ZLZnFZle7i9ynHmCcmUsZrmjUPm;
Ronald;Small;40;ZTbcpTsoirlInEYXtVc4YMcnX;
Helen;Hernandez;44;ZYJw6h9mcWkgz60eMByUl;
Steven;Bates;33;ZZchfIwNDHepDgaPF;
Gregory;Elliott;41;ZgCPPPknlyLS5beBln;
Roger;Bradford;27;ZiFQT5BUw2mnOcQeS8FDQyA1;
Justin;Pierce;33;ZmGxDPmKJzGK;
James;Taylor;24;ZqgthTOq4xyg0pjZkWet3HH;
Ryan;Hernandez;48;ZsGkI0i4mzqRCbk9Wm9kRmoh;
Patricia;Flores;23;a30qfDjuIvNRW44;
Lance;Barnes;22;a3ScaEkgrJEHiVf;
Thomas;Myers;31;a8SZHvF64wiPC30S;
Ronald;Morales;56;aBHkTJ8XYHz;
Randy;Murphy;37;aC8uP74xKJqHnuLu;
Gabriel;Ruiz;43;aCw8WhlfzJl0y;
Tracy;Harris;33;aDb2RFS6yTlzPZStPIJ;
Hannah;Perry;50;aFhyMK0gp49BOfaHoiNWOade;
Timothy;Soto;45;aQFVUbA4w5pQmGhJ9EPhZ;
Barbara;Hartman;59;aTZpdb9Q928SlKLSWwun;
Victoria;Robinson;59;aWjTrBvXmVAPYDim;
Suzanne;Shaw;53;aevNcIsKGfqls5ueTHu2eKahM;
Joshua;Rogers;23;ahyrnZTx5PCsqVTdDeUIHSIGoR;
Veronica;Fisher;25;ajQUlGi2LvHudmEobS2cPSkczJSC;
Leslie;Reeves;45;am1EygRdChCbeom9l;
Robert;Griffin;31;avKINjQj5weVHapcW0f131nJ;
Edward;Sullivan;43;aw2S2KjgTDLzOs;
Jon;Murray;55;axcNcKGQAuLefHcuQybJNa3g;
Kristen;Sampson;42;b7BfAajBQi;
Jacob;Anderson;52;b7Yl8JvpfBqNc;
Sean;Mooney;42;bBhkbshTQEBxaeXe2;
Lawrence;Diaz;20;bDWlEKSTY9n0VVlwSHCf0AZ3hqNGpn;
Wendy;Jones;44;bECRMEdGPW8kf0PNDmgM9K;
Kimberly;Brown;25;bEldDWNGWlNi9;
Deanna;Robles;56;bGiw9c7iksjF;
Andrew;Padilla;37;bIcwdPYRouaN8NyU65cVCjobvT;
Jennifer;Nguyen;54;bPe982G6EBRIPc;
Kendra;Carter;52;bQkVpeC3ttNPzlPxZ;
Jack;Owen;50;bVsjUHShz53vReHvTuPJiG7;
Gwendolyn;Mcdonald;46;bX1AftEZLTnMhh0kvmfXt;
Kevin;Welch;48;baKuygz6nkcQSoIT;
Justin;Church;50;bbB5IE2q1e;
Courtney;Blake;28;bh9K1eq3gzvPFOvG3NdQ0QGrmjhE2h;
Jeremy;Harrington;59;bjkeuWHH90dGUfZ1iTt;
Marcus;Young;29;blCE8IbgaIhrLlhAyESJz;
Elizabeth;Wallace;32;bmsZgAZuQJ4iTWnkmjOztzWyAZY2;
Cathy;Erickson;24;bzC0RW80OV4EAoW6MTP05iBky25p1t;
Anthony;Ramirez;42;c2ujUJNsVESIpp1N;
Tom;Lucas;32;c5Myi4OJYQ4PBb;
Amy;Walsh;55;c9Cr0mZAbSTKxDawSghE;
Alexis;Lane;54;cCR4svxW8Mb6;
Christina;Gray;22;cE4ZWp3k9YC8TOofiXisgg;
Lisa;Crawford;27;cHfutd9A6Vs1fV6nBZcCxSfK;
Andrea;Harrison;25;cTGDNd5SUxZJbCv2svFBT39AlvKdxE;
Ann;White;46;cVBEU5LPEBGN7AW8eMp;
Wendy;Elliott;25;cZKe0vltCHjBrjhy;
Katherine;Rivera;43;cZn0BNwFZFTl5C5ojfo;
Ryan;Fischer;47;cbXrDRc9q6H1tEedN83;
Anna;Bass;40;cdIhj42ixYDZ5LOKoGldtWqn9B2;
Bethany;Hernandez;23;cdNw1jk0upzL2kMfrgwfVeqVN0iHG;
Rebecca;Thompson;56;cuYMI52xmwdJ;
Kenneth;Morales;56;cv7fFkL8Ec6yHD3uYTYSICRB;
Jacob;Gilbert;52;d5DxCYtcuMq;
Jessica;Palmer;31;d5WPx45iLe5WVnnxHO2dL8H;
Robert;Olson;58;dAzgxyS9TCmEXmPyiymXpi5;
Amber;Green;34;dIOq69384NhYm;
Carolyn;Buckley;20;dOJAHyE2SkIRZtC8p18;
John;Foster;38;dQjIdhfFmbq;
Charles;Garcia;41;dRblfb9tLsQLMLOpl;
Robin;Marshall;49;dSdBJmlt6xlPgOn1X7164Yrytx6Rx;
Carly;Murphy;29;dWi5WkmEtcxy;
Christopher;Harris;35;dc4TqeuQkFY04dNjfMoN;
Isaac;Carter;48;dcKuvLUX0MXwdxFR7k7s;
Kelly;Johnson;25;ddEtwlkV39jBwCc;
Heather;Vazquez;58;dobR3pQDWiclsOFnynImjS66JD5K;
Christopher;Jacobson;32;dqcYGNUyv50;
Angela;Weber;30;dw3Am0TfPplYNRjmURS;
Jeffrey;Schneider;28;e0lwfMwxMWbJlTWyBjrd;
Melody;Bullock;47;e1XncExHCniacw4jck4jRQhARR;
Joseph;Valenzuela;27;e3nGGGVATUb6lkVy;
David;Vargas;41;e8mW35P9ehbBR;
Tracy;Holmes;32;eCEJ49AFcuNSv6SVtt6;
Cynthia;Lucas;30;eOYZpAEm64j;
Jason;Pierce;29;ePRahXeahz9AzTt;
Carl;Orr;25;eQGY2G9zF6e0ym4CNU56wHTT;
Courtney;Gross;29;eesxXtnkPLsRFVV7Vg;
Jason;Keith;35;efDorOzC8h1y3;
Edward;Moore;21;eglIHEIBzMbGE3HHPFDRBWi;
Danielle;West;31;ejFkpX1fhQeWdab;
Timothy;Savage;41;ekGCjN2kZNK0jqVuSOwFZ6q7SJI;
Veronica;Austin;31;epmOx4wFTH;
Allison;Lyons;41;eqPNTiARIs4nX1LB7HkHA685Gt;
Jeffrey;Morton;39;eqaskwqjnKESiB;
Cassidy;Pearson;38;ey6sglZPWjifIJd8Uc;
Lauren;Freeman;53;f7tqMxTNDmvKoxZfcRPeD;
Michelle;Day;38;fK3Hgpe6KHkceBv8ij50z;
Rachel;Roberts;32;fLrnZJ1FkRAC6;
Alexander;Humphrey;21;fOypcd0KGCScj;
Dave;Bush;48;fV5kBBFVjOAtDUfi3D3NSI24uKxYZA;
Kenneth;Ramirez;31;fWe54smgQca1j5ZnWuKeIP;
Dana;Rodriguez;46;fWfqs19ocuHv;
Cole;Thomas;57;fYeq1U4x2C5xAK;
Melissa;Vang;50;faVdlhPGM8Jl5KDc0aoR7MzKV5;
Nicholas;Hoffman;47;fd8yJ3QDRoXGUif5C8Cx;
Michelle;Crawford;30;ff8CuWxpYjXBYz4zdCTYm7o;
Melissa;Gray;33;fkIuxYDZcqmQjj1bq5j8fJ1;
Molly;Mccormick;39;fmFMDGhdGeKBG;
Timothy;Ramirez;35;for5LOhrOcAKAHp14evEFevWGGF;
Brett;Mitchell;39;fqVG66eOhZF736J6gh2UGf1ST;
Ashley;Watkins;26;frhrnD9UY4c4my60zuu2dOv7;
Michael;Chase;55;frm0QUg5gqqcJPzKhTTeXB1HrZ;
Ashley;Turner;59;fsPSVS47nsh3JKYevd7CXS0G;
William;Campbell;55;fvbsCxRB6DhpGkgPNNIT3Vat;
Philip;Hurst;31;fx4HPZXleS5Vd;
David;Walton;57;fxQ1h4S55N7RSdsITP6kAET7;
Benjamin;Carey;38;g1WchoGV9EcR2NU;
Travis;Howard;29;g4dCCnFfZgir8iP1jFY44d;
Jacqueline;Norris;20;gIASu8xXvlXEJB;
Kimberly;Bryant;37;gK4ZESH8JeUbxMegH4WDFb;
Patrick;Dixon;52;gT30bGx8ZAtcCak;
David;Brown;24;gVBlPZytstRTdME0uZd;
Randy;Harris;35;gWSaRw0OZGsRPtziNapygY1lkAXjx;
Donna;Molina;35;gZG2VIdJZv;
Timothy;Collier;38;ggKidxRWUqoIcE0;
Tiffany;Cantu;49;gjSfoxlxqBHb;
Kelly;Bush;46;gqjTGi8nCmINkJk00Qfg;
Karen;Davis;32;grD6EhNz2nduQ56BIeW1PLMSEGsEX;
Brandon;Sawyer;25;guv2c2b6rX;
Randall;Robinson;42;gvRS4H6s9mo6u2wLCK0;
Donna;Summers;45;h7F0WmS6JIt0Onno;
Amanda;Meyers;54;h8F32kj7D41I0Dn;
Erik;Barnett;58;hCCtlBB1GxNZ;
Karen;Obrien;27;hEHE7rxJ1CSTP4RUY34dw0v;
Chad;Ayers;48;hFou7Glhx2KtgK;
Michele;Luna;43;hQYod6nIg93tSGBA5TwMLmQmzLOx;
Victor;Colon;59;hQyVT4OxfOYXunbywgsp0;
Sarah;Alexander;39;hS4VChd8p68T2BatTT;
Hector;Brown;50;hZZMWLoGp71;
Andrea;Gilbert;39;hdDLtEuMxLr;
Nicole;Castillo;57;hdoncZnVsp7xeUcQTFt0195eDvSA;
Robert;Bush;34;hocNTvkCZhAhBup3Eqz1JulIs95;
Mitchell;Rivera;21;hqIdM8iGElDck83;
Michael;Pierce;55;ht3eWRToyNaan8LDKsjkNa6AYCF;
Traci;Bartlett;35;hwbM89qkJv;
Cynthia;Goodwin;45;i3H5eK2OZaVtggURBWHohf15;
Nicole;Hill;41;i3rSvQzas28HesBrawCw;
Robert;Lopez;33;iEOpCQ4xlKW0UojKM;
Scott;Noble;38;iIE3tvqYwihpBM74dYUAb;
Adam;Morrow;47;iLGtmV6xK3IyMXYgfmGKJTDrkFr;
Gregory;Johnson;56;iLIu3OLuudUEM9YgrqVYiE4i9wtoK;
Christopher;Andrade;50;iaZefrKKJGk1yDTSTTlXHLJn4Ye;
April;Poole;22;iheJ6c51cVz4wwaiuzO67iMwRGhjG;
Courtney;James;31;ij0ESARjIUjGlnVu;
Grace;Freeman;57;irAGiykzSh0BPUz04Ardtzvxgpelsp;
Brian;Briggs;51;j6YgaXOTr9oG3AnjHcP9TfebBhNSx;
Raymond;Smith;57;j8ydel5EnRcm2psIQIXKGdFM7;
Joseph;Sheppard;33;j9PsZacVieXqrkQIyHU5Sv2BAs4RS;
Eric;Adams;45;jBCSKDYP7pBMVkMs9;
Jessica;Smith;22;jHYgcW873uuW;
Arthur;Jones;39;jHlOrmpU055j6DzoFC;
Heather;Martinez;46;jJPt5NAXDjkqtosvuDfFXwK3GF;
Kevin;Guzman;48;jNO2TUFz1SbBUQ;
Robert;Garcia;49;jOWbu9UQyi4Gk0z77JUk2a8ckj7pUG;
Amy;Oneill;53;jOYZikqIOmEdwvRmtc79YZIU;
Tara;Miller;39;jPhjSJrsv4GKMwYhXyh3h;
Jennifer;Murray;56;jTgCEX3NEIgjRNV5;
Suzanne;Collins;47;jU4hJhxcRHoGETbn;
Caitlin;Garcia;24;jYDMXSmPEXkDv8nNKWih9znLaDJ;
Gregory;Chaney;33;jZbBHHQR1O3E4n1m0JrZsSMbO2kF92;
Jason;Gross;24;jeNRtFXbhZsyTfAxv;
Dustin;Baker;33;jgYZejtcGDt5vLtpm;
Edwin;English;53;jj49PhI9923mG6iia5;
Sarah;Ross;26;jkMZAFutl9fF7zMP3W1snAhFCMjsiT;
Jennifer;Martin;39;juKqbIg6Cf2mJWyQ3JKBx;
Laura;Riley;32;jv4ciXv4DMGgI6WFZrZK5lG;
Amanda;Smith;45;jyEkLz110S630s;
Matthew;Lopez;23;k8ZSYS6EjUxFujuM6Sl1fKi7vnOIhc;
Charles;Gross;46;kDGbBYcuMaKVkRbdDtvSV;
Richard;Brooks;31;kIRzllNqQPOC2j9j2h;
Thomas;Barnes;58;kJqqt90Re1FqwM;
Mario;Burch;60;kK4fyrJtC8Q4Ac;
Edward;Liu;33;kQwOPe5TzJ9ttZUwJwPnyikXYqbQ;
Jeffrey;Lee;22;kSSh3E6ifHelUgd45yT;
Deborah;Mann;33;kUab1R6RO2Lo0J3;
Madison;Dillon;29;kVcrd6K0PK1bgDVp8XpUQstF;
Matthew;Wade;56;kWyqlTAHuqfKh9cAavZfZ;
Heather;Patterson;40;kYQeDPUlyfDuktnUCIBnO9GmFnA67;
John;Conway;60;kZmCuSxkqu9DOU2;
Caitlin;May;54;kazVeMhxhFvBDyTcZoK;
Frank;Hamilton;51;kbX9vBlBg2v;
Jessica;Lopez;34;kdvgmcsD3KYSqIlZV4KqB;
Connie;Brooks;44;keJou3DGH0Bqt;
Jacob;Harper;43;kg8kYK3fPmh4Wo9l;
Joseph;Green;34;kimHVYtcMaEzQ9VA;
Walter;Moody;43;koF4KTe46YrWCh1;
Kathleen;Walters;27;krzlx3tZzRCIibuwZNlbcWKH;
Elizabeth;Case;23;kw5rdaSaMVLKorHThFit4ORC;
Spencer;Cook;58;kxGTqoWtcksYZzKL5pfBAoGtWO;
Cindy;Kelly;57;l1GaTCixoO194;
Kim;Frank;26;l3UnJxy34MtVFoNy;
Scott;Howell;34;lCUeplGn3H1IPXAweYs1W0XOWpbkW;
Amy;Conner;59;lFPZIA6QAq1yGXbz4C8hY8D;
Darrell;Atkinson;57;lLYGsdK3YuKlCw4IFqBr;
Mary;Farrell;34;lTzehKYW54bas;
Juan;Cole;31;lg7HVWEzCKFD48wWsn;
Angel;Hampton;31;li6skwku7cwqTeBw7;
Crystal;Daniel;20;lkEXihIVvCpdHS98d2zhjb;
Maria;Jacobs;43;lp84030FTi;
Richard;Tran;55;lrDGzmUzeuXDB35Rx243tjewS3;
Anne;Robles;25;lwq2lknH0l;
Robert;Greer;56;m5H5bLR0A4GRLVOh1YJ1N3wV73L;
Todd;Mclaughlin;37;m7L7WUhNi8ItNfX7Mf4iiGi6;
Terri;Mccall;23;m8zHG4Ug8uyJCI8;
Debbie;Hughes;53;mA6H2I1V1kRXGer;
Peter;Chandler;51;mAuZvzxKvDlG5aNKCP;
Adrian;Lewis;34;mCnpdcRGOGtIkg6OV8MkInId;
Molly;Berg;25;mDHQasYsXwNzseJw0Xf;
Brianna;Ho;27;mKSq81SwlmqD8ByWjI;
Jacob;Scott;33;mLgZD2dGHM;
Jessica;Gross;33;mLr1k3o1DL1NiPbgbtaVWqB0qy73;
Courtney;Dennis;58;mQxvWfxBv3vXz8pEWdr7IzJ;
Ryan;Obrien;54;mUKMDLTFsyJKnUUvzbAgyZtD;
Kristen;Reyes;39;mWhStwaJ5inGOMYW7Yn2QTaZfNQw8P;
Lindsey;Weaver;50;merpA4JFgToRetlqjgi7lnoIhS;
Elizabeth;Roman;51;mnXCER3CbgQe0VY1wx;
David;Cooper;41;mu41OxK4smN;
Danny;Chapman;41;mvSRSuodxp;
Erica;Taylor;55;mxKGmWzDmpCKbQJ3kZ2y;
Alison;Vance;35;n21Os229zT7rrQnFlw4CKTcJhig0p;
Evelyn;Henderson;33;n4HlVIBZixxZtnxKCy;
Brenda;Mcdonald;59;nARF4kYRirMLzbaQ1deRT7;
Daniel;Kelly;22;nK9BvjTFddg0lHh;
Taylor;Weaver;20;nLiUruYM4Qpzt0GJk6nP;
Zoe;Evans;53;nTJDoUOAw7uD7S;
Jesus;Blanchard;26;nW1fZdHTKyfVGLIfFITZKMAM;
Ruth;Clark;45;nW6XZdL8mNdIwtas;
Valerie;Rogers;50;nZK3GmcukHslGC;
Sharon;Jordan;29;newlSKx3UJAO;
Tiffany;Spencer;58;nhisWbYmn9pbA6wSqZ8EQCU0scJjVa;
Phillip;Johnson;33;niAjeVZ4bgZxJfWWuEv57;
Edward;Montgomery;52;niQAhqt7lEW82ybj;
Ashlee;Franklin;37;nl12MY5Ztv;
Norma;Hubbard;40;nqM4iYwqeZgo0zSUJ2RFHccod;
Donald;Martin;32;nqnZWo8faT7ElC;
Judy;Harris;35;nszZQzlb6xDdrSfWTMIN;
Caleb;Ware;59;o2SX4s1wFev;
Chelsey;Ramirez;58;o6dK249xZk74bHTnHTgSqH;
Laura;Boyd;32;o712XxrzAH4vdvx9K8awRqx2vyl;
Kevin;Chavez;45;oBTOLolnoJ6Go;
Madeline;Palmer;58;oDFV6DIwfy8kKcXW;
Sylvia;Harris;50;oELMCepJgwg4;
Matthew;Hancock;30;oG1AVFDfRso7VyH0NZJPN8yCGBgs7;
Denise;Schmidt;30;oGiauiZf9Um8xsAbCfcVnB;
Jonathon;Braun;45;oHFezQxO9wcUWh001LPFGAGJMs;
Kathryn;Haney;58;oJ2p1hp9uXbeL4LWugBF3oapasO;
Lauren;Smith;27;oLOCNYn0Vw6x55Mj9Ib4UqEWfA;
Amy;Jordan;20;oOKhmvihtwNREHq7mBMmr1z2XgJ2kq;
Kristin;Meyer;54;oRmkqjwgw97IH;
Jimmy;Taylor;48;oUW42chEgRoqjax5T16Uq;
Jennifer;Andrade;42;oUtXopTwSYreXVs5DK12nrwRyQaZlF;
Judith;White;24;oVHISEUeXC49;
Michael;Frederick;43;oZ37YfFY3yLEu5vOpjNtu;
Justin;Snyder;26;oa7YuHNgz2wJEiMiCCHmqI5YPrVH5;
Darryl;Alvarez;55;ocSO649ex9b9dghpbRSI;
Christina;Davies;37;odu0bbrfYBNHmTXTnEBcHT4OJfqlg;
Lisa;Reid;45;ohudTrQtu3EyyL6RbK0l;
Stacey;Perez;49;oiHZ1TSusaPcjPfO0mqUhMvKXie2V;
Emily;Carpenter;23;ojAz6lx0kdxZtLqTC8ztg6K3;
Nicholas;Richardson;42;osP8HpBc8yV3MzB7Mpnvz9Vpyta08;
Julie;Mcclure;43;otBIC4W2VCJSOu6YlOKq8zEUjXc;
Jon;Berry;33;otvMudLKVlQTFOEDq;
Joseph;Bell;32;owO2VRLISB76ulcZZQ;
Wanda;Jenkins;37;p0eL3hD9ofpmRP4PRAoB;
Jo;Murphy;21;pMFbhMbgiMRrg9LMjVK3cx;
Austin;Lara;21;pR1KoDYBG28qcptDJpyNRer4EJ;
Jason;Mckenzie;41;pU5W6sUPNB7sCuPLpn5;
Charles;Kane;48;ppncVztjggrgfEedXfk9th23i72;
Dana;Perez;51;ptxNbZBgpvb9Hx;
Matthew;Washington;58;punffMcLuV3Fc7kBjz4;
Bethany;Parsons;28;pzDlQZG4xDpXFfQJvQPTToto1scOv;
Amanda;Moore;28;q27aDY3ltpOR3l;
Stephanie;Gregory;22;q3ciik1Z93b5t0aJsWRGhe9wxCJ;
Erika;Schmitt;55;qBYQkbb64Fkh2FMqDi1GCihgOqWKg3;
Melissa;Willis;26;qDKUYWZETqtySFSGAkyu1;
Brandon;Douglas;33;qGVQtjV1As4F;
Joshua;Barnett;38;qKOHKet5hAOprFC81ydOAdF69tlvx;
Tiffany;Wyatt;34;qPb3VvKsARsN3DZhtG;
Jacob;Conley;54;qRWBHKesjIY5UAmAc;
Miranda;Castillo;32;qUut2lnXpiyaaCeW4FyVcfRSPNDlN;
Kimberly;Ortiz;47;qVYUzBo8BbMB5o6W6lsXl;
Erik;Sosa;55;qce1K2AVs9ToHsw;
Susan;Martin;60;qlNxV0dSEP819XOAq5Z8a0IF0;
Rachel;Peterson;55;qoWulrYkQdARGfIPKSfYShUI4;
Paul;Fernandez;52;qvLSmbaELkNYeEO22ldGFt;
Christine;Barnes;43;qxF4XHKHfxkpETTJJCLKnw23A4Eb;
Tiffany;Ford;27;qyxrSBnZKPUCY4n2B4UCV3P58BnT6w;
Matthew;Lowe;55;r0DX64DBCCvoePPCcB;
Margaret;Willis;51;r3F5TQz6W12s6ROUbG;
Christina;Gordon;20;r5GGuzvxYzB;
Janice;Parrish;40;rAze8MBU1YNy6CacrUbL9rbSazh4Rx;
Emily;Dickson;38;rBXlfjIMEMhk2ZqSotcLpE9;
Johnathan;Wright;45;rBYlnu1AKBc6v;
Kristen;Savage;29;rI7Hag5sXv6LlPH;
Jason;Wang;22;rJdsOk6m5DCbDqAuuKUNBpDL93a;
Christina;Farmer;34;rLkIYx8seuZYBTgLMjhmokx6kbl;
Michael;Buck;54;rPFW8Ii8sQp9A24WdAKeO;
Martha;Brown;57;rQP62dNDn1FpadIe5WUM0dbkdGv;
James;Powell;24;rc3uWOCTlrcX2R0xIfMb5EX;
Francisco;Villarreal;36;riv9qtcfisiWxYQWppiC0F;
Erica;Dean;28;rna2ENn0OELs8XUVcRIsddW6wUk;
Matthew;Lara;49;rpAG0wDIvF9TCbfncdgxyJl1z2cl;
Lori;Wallace;51;rpDuPvSzvlgHPrjXUPX5rxAkx;
Julie;Everett;55;rudzTxoDUEZ;
Jamie;Williams;40;s1bvAFVPL8sFb5oNP;
Lisa;Morris;35;s1vUSwlxSjw7jEyuajFSUpeH8Ejall;
Andrew;Newton;30;s7HpPjZiNZjA;
David;Rangel;23;sALGcCs3p8qDEWVClf6bZDwuV8VT;
Nathaniel;Cameron;42;sAs8r8PfvkMMPHj3X85HXb;
Mathew;Anderson;35;sHKcKrhp8JcapeVYz;
Aimee;Obrien;34;sJNqLGlnS0;
Kara;Harris;26;sREAanEKmA;
Thomas;Hoffman;45;sRIfTfbkPLc3f4JYcVEBEFT3vrtqJ;
Mary;Ramirez;36;sRrtuFRmcW8cqqcxub;
Sean;Hoffman;53;sVu7akeIjL7z;
Joseph;Grant;39;sbFIX0GLQjUkK6;
Howard;Johnston;52;scymbilPw1pyXTgqVdcjTQyU6y6SMH;
Jeffrey;Jones;44;sg6lcndaetChmrLPLvLKa83;
Sherri;Campbell;45;shGeVl4lFyfJ5GmMaPgIxUAJRi;
Victor;Lee;23;sjRqF4EInVYRn6;
Shawn;Hunt;25;sk53i7OipNLE0mAZ;
Bonnie;Blake;26;soTQ3EO9wHe5;
Michael;Stanton;36;suV2hepjx6ACeEhB;
Christopher;Moss;45;sw6RSJdBfcU;
James;Rose;60;t0CMN0US6rcNzoylYqPpGCopnvRHg;
Kristi;Lopez;45;t2O3rcL2RsP0RflZ0Ha;
Zachary;Hall;50;t3O23x5tZWRZLAKrHd;
Timothy;Bell;33;t41AyDtfOoYj9fySOYu2jET;
Bryan;Smith;38;t7o9Gz0rzUHmu;
Jeremy;Walton;43;tB015xSDSrSBYd2XYY1d;
Holly;Williams;58;tSN3KFgFSNQFUsPbr1qITIm;
David;Clark;53;tTcK0zIOCkBHwt1ky;
Eric;Alvarez;33;tVU6RRRDZdRV;
Spencer;Stark;41;tfLJmLkIZ0MkJuanSNeG9bTz2OnzB;
Donald;Perez;43;tfQHQ9iat8;
Richard;Ross;49;tg4MrjLbxHDGKT6GDBaLCY5IuZVy;
Howard;Gonzalez;29;tgUjZd0PSHkmIXC8bH;
Seth;Page;22;th8k1Y6FVSjOU553TQpNPSOJ;
Beth;Walters;50;tiaasignTHnFIXT5iobWvAvAJY;
Audrey;Thomas;53;tmSPX4ygpQx7O5mBjv;
Gail;Martin;37;tqqE5mRxrqiu;
Brenda;Bailey;42;tx1pKjf1AJDIjhLNbzvkL;
Jason;Thornton;34;txr3owoDGQBWih9QLXSzEpij;
Jeffrey;Mitchell;60;tzbSQAxYPBARdAEyWRNosk;
David;Gamble;50;u1tQENpawYfZ6tTGyNnDCZk;
Jennifer;Golden;50;u4L6ERsE20ZgOhM;
Emily;Kirby;38;u6OP9uOYwo1yjcI5e;
Shelly;Shaffer;54;u6aFJ84aGSB8jvfkpWXlwjHqO;
James;Allen;56;uICg3dJCExaM2;
Michael;Hall;57;uKjhebrdqjlASOWHoVS6Qmni5;
Tiffany;Salazar;58;uMKXLc0xmfLpsXwQW;
Michele;Shelton;21;uRaKlQyiLaia0I1W3kNj6;
Corey;Hickman;56;uXvhYrPih8LqmW1krlsd9Y;
Caleb;Butler;33;uZHYGuWJRvOxPq7MA6zSF6qqD6VkbZ;
Amanda;Williams;44;ufeP9CrbXoC;
Sean;Goodman;53;ugqNe7u8cSldviCEMkaZ3UtJCdM;
James;Gray;32;uhhLRVPsS592PvbB18;
Desiree;Gilbert;30;uohjwgTe1B58u1BRU;
Daniel;Rivera;47;uzr85MhV6xH;
Jennifer;Allen;31;v27GPFBPpzz6TjNEbbZm3zWWTs;
Kathleen;Hansen;50;vD6OoQulFMrBHr6SDGhEHGhW4My;
Jesse;Graham;23;vHXjWeErS4Kss;
Tracey;Sandoval;24;vKyoscWWDjyYsEQZq7k;
Cory;Scott;26;vLZS2phvySCtGhDaT;
Tyler;Brown;33;vM0s4Wl56d6k7jWAa8DptWt1MqsK;
James;Oliver;24;vMdMzW8yMHXYIJ2AWig;
Nicholas;Shaffer;39;vOTuVuNzXOJyxN0rJ235zDGv4idkD5;
Erica;Allen;25;vOpeI9UemxrhoKF;
Karen;Jackson;26;vVjBUMm36sZo7OKYygnbgCvwhzN;
Amanda;West;29;vYCulqtox2npxE3Pnk;
Monique;Hebert;25;vYPDlbenYJMwhsmskBRwg9zYgc;
Max;Wilson;52;vaFRVxQOhPC1vFNMbAoJaST;
Louis;Obrien;20;vaHZwvJTAKy7;
Michael;Gibson;56;vdW5wAFBc3;
James;Johnson;34;vh7nlj9xc0FlatO239uOwG;
Shannon;Kennedy;33;vjZzO7tKvGHiwZwmOxoNaofOl;
Stanley;Curtis;54;vkFoWylTDcVru0mQE2vsBMtcA;
Sharon;Jones;20;vqiCPim0qBdvm1mzuWOuG11pmFC7xc;
Jack;Hernandez;42;vvcJ6BKG5ro;
Lee;Cohen;33;w2TI1C27ss90cJPBtCEO7cNA8PwPS;
Julia;Mendoza;49;w2mN6JRAh7pCd62QaLyhiP;
Kimberly;Mendoza;38;wDi5TwVPKTs4Vp;
Tracy;Suarez;32;wKdF06R4WZdPbdhDOr;
Andrea;Odom;39;wLzNRyyXzqLr8X6Aa6g;
Brittany;Turner;45;wVWC3hue9URI8;
Juan;Rodriguez;51;wZ5Cq2cUxmnV3xrAPnL;
Mary;Blair;49;wdLcTR5ErYAfgJVy;
Angela;Peck;20;wdkl4TyJW3;
Joe;Phillips;28;whrgXlDzjMGEJDxa7XjNTyKU;
Charles;Miles;43;wma5jM35ThaLC2Yzc9O;
Marie;Richardson;43;woP42gBrPlPELbujrMgv4Ikb;
Michele;Olson;48;wqRBoFeVzcgsR9VcIY0VqQ;
Thomas;Stevens;45;wt2gPxepbwyvfoy9pXnpJztWf4WF;
Chase;Lewis;39;wvicfOfpz1qdjIOmd;
Mark;Murphy;37;wwUWKGAXRunT;
Michelle;Johnson;35;wyHhbjiVNKcmS68LFLL;
Amanda;Mcguire;22;x2SWO67xwZ;
Melissa;Evans;56;x510DCWDjiNHvpwvM2Ou1AZKOyW;
Sonya;Silva;48;x9fuT13XpXBuD0FiN9puCgRhAtbh;
Alexander;Thompson;38;xA8dWrWHQjZwggYAImT9Z0CM;
Patrick;Fernandez;45;xIz7keHlTpbBB2LKV3ARiOXhkHC7;
Michael;Friedman;22;xKCC0hnbBSgj5hg99w;
Amanda;Foster;34;xLnhdroQpT;
Rachel;Anderson;47;xMXZGLaqP6BOfSVEO;
Patrick;Carson;36;xOWX0zSh6eo;
Margaret;Gomez;37;xUmS2bBYuK27nEGOKhYs;
Stephanie;Casey;23;xZKqwSNKvkaH;
Kevin;Butler;29;xiBEmZUPjGomEKaHs8QD6y;
Daniel;Gonzalez;45;xmwloLrbmCCnNVLPe0HVnwJd;
Kerry;Barber;52;xxd8O2H6uQkFjOr7RosEzpHb9G;
Lisa;Hooper;34;xzZVNoxz3DqmzzAK5aBIPGLgei3LK;
Sara;Strong;49;xzalpakh38HP93zKN0lPfdE;
Bryan;Martinez;48;y4b0o4kt8PPdEdQyidD;
Michelle;King;43;y6qwAgfO9iROpwwUZySATxQ;
Kara;Carter;58;yTg4KXW7tuw1gRQ;
Matthew;Moon;36;yUdxg5zozY4Xrj59nKJT;
Michael;Glenn;26;yXbONQswZNMbzdCiLQEVXO;
David;Blake;24;yYYC05iT2Z1yjPY2fwRISv;
Leslie;Pope;34;yelEqATnPST41GQgJ1SrNdM1RaK;
Adrienne;Robinson;42;yhYSJiKb9p1pYe8X9Cq261WRF;
David;Barajas;48;ymhYbEjXOYmkt;
Christian;Jarvis;53;yq8XKfJZvR2sUoFp9c6QlJUN7H;
Olivia;Bender;51;ytny2TP1Wp6J6M;
Michelle;Miller;49;yxEP9WD74UO5X;
Robert;Wilson;21;z1AkKpEPDaLI40YDna2AB9s;
Savannah;Castillo;56;z6dEDlhLnO;
Sierra;Gonzalez;43;z6iBRQNLILREoS0xMA9ZxjZi7v81;
William;Anderson;39;z8XCAzyNekqPwjcTyk5thd;
Rebecca;Hill;56;zEOsAzbs3nnDKlZE;
Kenneth;Wright;54;zSCfG53BrQojnsd5FIcMQu;
Valerie;Hunter;20;zZRC5aimYcfc9M4DsQGHngWpK;
Kimberly;Finley;24;zZjk4hJ1DRSOL5xd1XdgR9tVf;
Melissa;Vega;27;zaEAAj6507buM;
Michael;Wood;58;zaZWNLawgbDT8KkMyjFdY3;
Erin;Williams;53;zatK1rTJkP354Hf5;
Edwin;Kelly;34;zaxP3nfD6u7oyLb7excoxFWsDeMRwc;
Justin;Davenport;24;zc9QohlTIKP0hr1dfH;
Patricia;Gordon;46;zjxcrZRKaT3bY2zKTAKE4NvyVYAfY;
Andre;Smith;35;zsN7kVA8lsyDfKGf62zrzrtoe3MtY;
Bryan;Ware;43;ztAgCxcsaxzm94mJZ;
Stephanie;Morris;26;zyE4eC8UBka3DzGmpHy2F;
Brett;Powell;21;zz4IVrasfO;
